날짜,종가,시가,고가,저가,거래량,변동 %
2009-12-31,45.56,46.06,46.08,45.56,50.08M,-0.91%
2009-12-30,45.98,45.81,46.07,45.77,57.61M,0.31%
2009-12-29,45.84,46.03,46.06,45.8,32.41M,-0.41%
2009-12-28,46.03,45.89,46.11,45.75,49.38M,0.52%
2009-12-24,45.79,45.42,45.79,45.41,31.77M,0.93%
2009-12-23,45.37,45.15,45.38,45.02,73.93M,0.73%
2009-12-22,45.04,44.89,45.1,44.84,51.57M,0.60%
2009-12-21,44.77,44.49,44.94,44.49,82.38M,1.11%
2009-12-18,44.28,43.96,44.3,43.82,96.44M,1.47%
2009-12-17,43.64,43.99,44.03,43.58,90.44M,-1.22%
2009-12-16,44.18,44.29,44.52,44.11,61.63M,0.14%
2009-12-15,44.12,44.23,44.49,43.99,61.17M,-0.56%
2009-12-14,44.37,44.25,44.42,44.01,47.97M,0.96%
2009-12-11,43.95,44.34,44.41,43.77,66.64M,-0.39%
2009-12-10,44.12,44.07,44.36,44.06,76.72M,0.50%
2009-12-09,43.9,43.43,43.94,43.14,78.82M,1.01%
2009-12-08,43.46,43.5,43.82,43.18,86.62M,-0.62%
2009-12-07,43.73,43.9,44.11,43.64,67.47M,-0.48%
2009-12-04,43.94,44.27,44.55,43.48,125.06M,0.53%
2009-12-03,43.71,44.06,44.32,43.7,72.46M,-0.41%
2009-12-02,43.89,43.98,44.31,43.8,81.65M,0.14%
2009-12-01,43.83,43.7,44.12,43.7,81.82M,1.04%
2009-11-30,43.38,43.23,43.44,42.93,84.82M,0.12%
2009-11-27,43.33,42.82,43.65,42.72,61.23M,-1.52%
2009-11-25,44,43.96,44.04,43.83,37.63M,0.43%
2009-11-24,43.81,43.96,43.97,43.55,60.67M,-0.34%
2009-11-23,43.96,43.69,44.22,43.68,91.62M,1.62%
2009-11-20,43.26,43.23,43.37,43.1,70.91M,-0.51%
2009-11-19,43.48,43.88,43.9,43.17,114.56M,-1.56%
2009-11-18,44.17,44.29,44.31,43.87,100.24M,-0.56%
2009-11-17,44.42,44.16,44.42,44.07,81.88M,0.32%
2009-11-16,44.28,44.01,44.47,43.94,87.78M,1.03%
2009-11-13,43.83,43.6,43.96,43.45,87.96M,0.83%
2009-11-12,43.47,43.74,43.98,43.37,92.43M,-0.57%
2009-11-11,43.72,43.76,43.96,43.43,84.68M,0.64%
2009-11-10,43.44,43.27,43.59,43.22,72.85M,0.25%
2009-11-09,43.33,42.74,43.34,42.7,101.62M,2.15%
2009-11-06,42.42,41.99,42.47,41.91,96.31M,0.59%
2009-11-05,42.17,41.64,42.22,41.61,135.20M,2.45%
2009-11-04,41.16,41.34,41.7,41.11,107.97M,0.17%
2009-11-03,41.09,40.8,41.15,40.67,95.11M,0.32%
2009-11-02,40.96,40.84,41.4,40.47,142.52M,0.42%
2009-10-30,40.79,41.89,41.98,40.75,162.80M,-2.70%
2009-10-29,41.92,41.51,42.02,41.37,85.21M,1.70%
2009-10-28,41.22,42.02,42.15,41.13,143.55M,-2.23%
2009-10-27,42.16,42.77,42.93,42.01,121.44M,-1.52%
2009-10-26,42.81,42.99,43.58,42.61,107.07M,-0.33%
2009-10-23,42.95,43.51,43.55,42.84,117.03M,-0.42%
2009-10-22,43.13,42.89,43.31,42.61,85.87M,0.40%
2009-10-21,42.96,43.02,43.64,42.88,110.40M,-0.19%
2009-10-20,43.04,43.27,43.28,42.76,89.85M,0.02%
2009-10-19,43.03,42.63,43.09,42.41,83.51M,1.01%
2009-10-16,42.6,42.74,42.81,42.3,111.86M,-0.65%
2009-10-15,42.88,42.75,42.94,42.69,85.77M,-0.23%
2009-10-14,42.98,42.92,43.11,42.67,91.00M,1.37%
2009-10-13,42.4,42.36,42.57,42.19,70.94M,0.02%
2009-10-12,42.39,42.45,42.69,42.11,53.22M,0.21%
2009-10-09,42.3,41.98,42.37,41.89,62.83M,0.55%
2009-10-08,42.07,42.14,42.44,41.97,107.85M,0.43%
2009-10-07,41.89,41.71,41.91,41.6,93.79M,0.29%
2009-10-06,41.77,41.26,41.97,41.05,124.63M,1.78%
2009-10-05,41.04,40.92,41.23,40.66,97.05M,0.81%
2009-10-02,40.71,40.55,41.08,40.55,145.29M,-0.29%
2009-10-01,40.83,41.94,41.96,40.83,140.12M,-2.97%
2009-09-30,42.08,42.21,42.43,41.43,173.10M,0.07%
2009-09-29,42.05,42.23,42.44,41.86,106.69M,-0.43%
2009-09-28,42.23,41.75,42.48,41.72,84.48M,1.69%
2009-09-25,41.53,41.61,41.92,41.41,109.22M,-0.88%
2009-09-24,41.9,42.43,42.51,41.6,111.02M,-0.88%
2009-09-23,42.27,42.65,42.99,42.2,143.92M,-0.47%
2009-09-22,42.47,42.64,42.65,42.26,75.64M,0.19%
2009-09-21,42.39,42.05,42.52,41.99,71.35M,0.31%
2009-09-18,42.26,42.38,42.44,42.04,87.45M,0.07%
2009-09-17,42.23,42.15,42.48,42.04,102.17M,-0.02%
2009-09-16,42.24,41.81,42.3,41.67,96.89M,1.44%
2009-09-15,41.64,41.49,41.78,41.4,91.59M,0.31%
2009-09-14,41.51,41.06,41.54,41.04,90.56M,0.39%
2009-09-11,41.35,41.33,41.45,41.05,93.87M,0.10%
2009-09-10,41.31,40.94,41.36,40.83,99.29M,0.95%
2009-09-09,40.92,40.59,41.12,40.42,99.29M,0.86%
2009-09-08,40.57,40.48,40.61,40.29,71.02M,0.95%
2009-09-04,40.19,39.42,40.21,39.36,74.87M,2.13%
2009-09-03,39.35,39.28,39.41,38.86,76.78M,0.67%
2009-09-02,39.09,38.93,39.31,38.88,92.76M,-0.08%
2009-09-01,39.12,39.71,40.42,39,162.96M,-1.86%
2009-08-31,39.86,39.99,40.03,39.63,96.42M,-1.02%
2009-08-28,40.27,40.72,40.91,39.99,114.31M,0.10%
2009-08-27,40.23,40.15,40.3,39.51,121.96M,0.25%
2009-08-26,40.13,40.12,40.43,39.91,96.41M,-0.17%
2009-08-25,40.2,40.17,40.59,40.08,92.90M,0.30%
2009-08-24,40.08,40.19,40.4,39.93,109.90M,-0.10%
2009-08-21,40.12,39.84,40.19,39.58,114.66M,1.31%
2009-08-20,39.6,39.12,39.68,39.04,81.47M,1.18%
2009-08-19,39.14,38.43,39.24,38.38,88.04M,0.69%
2009-08-18,38.87,38.56,39.81,38.45,84.61M,1.44%
2009-08-17,38.32,38.81,38.85,38.3,131.80M,-2.91%
2009-08-14,39.47,39.73,39.79,39.12,124.48M,-1.13%
2009-08-13,39.92,39.93,39.99,39.48,110.11M,0.53%
2009-08-12,39.71,39.05,40.05,39.04,147.24M,1.56%
2009-08-11,39.1,39.26,39.34,38.89,91.92M,-0.86%
2009-08-10,39.44,39.57,39.69,39.18,87.16M,-0.70%
2009-08-07,39.72,39.74,39.9,39.43,107.51M,1.27%
2009-08-06,39.22,39.63,39.76,39.08,116.94M,-0.88%
2009-08-05,39.57,39.96,39.97,39.3,118.09M,-0.75%
2009-08-04,39.87,39.7,40.02,39.61,100.69M,0.00%
2009-08-03,39.87,39.69,39.89,39.48,111.72M,1.48%
2009-07-31,39.29,39.4,39.69,39.25,78.21M,-0.30%
2009-07-30,39.41,39.58,40.01,39.35,108.97M,0.59%
2009-07-29,39.18,39.16,39.27,38.84,126.54M,0.67%
2009-07-28,38.92,39.02,39.43,38.77,111.56M,-0.69%
2009-07-27,39.19,39.13,39.25,38.71,94.72M,0.77%
2009-07-24,38.89,38.77,39.21,38.62,109.31M,-0.77%
2009-07-23,39.19,38.29,39.33,38.23,160.57M,2.22%
2009-07-22,38.34,38.04,38.53,37.97,113.81M,0.84%
2009-07-21,38.02,37.91,38.02,37.48,130.59M,0.69%
2009-07-20,37.76,37.59,37.84,37.45,97.17M,0.96%
2009-07-17,37.4,37.21,37.41,37.02,104.91M,0.51%
2009-07-16,37.21,36.59,37.29,36.57,119.84M,1.20%
2009-07-15,36.77,36.16,36.78,35.99,160.87M,3.37%
2009-07-14,35.57,35.37,35.64,35.25,115.63M,0.37%
2009-07-13,35.44,34.81,35.45,34.34,127.14M,1.90%
2009-07-10,34.78,34.52,34.99,34.42,108.48M,0.43%
2009-07-09,34.63,34.7,34.87,34.51,97.85M,0.17%
2009-07-08,34.57,34.59,34.73,34.16,152.78M,0.52%
2009-07-07,34.39,35.27,35.34,34.37,149.77M,-2.47%
2009-07-06,35.26,35.23,35.39,34.9,107.63M,-0.93%
2009-07-03,35.59,35.59,35.59,35.59,,0.39%
2009-07-02,35.45,35.94,35.95,35.35,113.31M,-2.21%
2009-07-01,36.25,36.39,36.69,36.24,85.98M,0.06%
2009-06-30,36.23,36.4,36.58,35.96,97.84M,-0.19%
2009-06-29,36.3,36.29,36.6,35.97,93.82M,0.22%
2009-06-26,36.22,35.98,36.35,35.9,87.68M,0.22%
2009-06-25,36.14,35.23,36.21,35.13,112.54M,1.98%
2009-06-24,35.44,35.15,35.72,35.13,103.31M,1.66%
2009-06-23,34.86,35.05,35.11,34.63,114.90M,-0.20%
2009-06-22,34.93,35.65,35.74,34.88,137.71M,-3.00%
2009-06-19,36.01,35.89,36.21,35.76,122.05M,0.95%
2009-06-18,35.67,35.68,35.91,35.42,126.27M,-0.20%
2009-06-17,35.74,35.52,36.06,35.3,153.42M,0.96%
2009-06-16,35.4,35.91,36.04,35.37,110.55M,-0.98%
2009-06-15,35.75,36.13,36.18,35.43,112.15M,-2.05%
2009-06-12,36.5,36.52,36.57,36.05,109.45M,-0.46%
2009-06-11,36.67,36.61,37.08,36.6,147.91M,0.00%
2009-06-10,36.67,37.02,37.03,36.14,133.40M,-0.35%
2009-06-09,36.8,36.69,37.02,36.52,109.19M,0.77%
2009-06-08,36.52,36.38,36.8,35.97,89.19M,-0.30%
2009-06-05,36.63,36.81,36.93,36.27,121.96M,0.11%
2009-06-04,36.59,36.25,36.64,36.19,89.28M,1.13%
2009-06-03,36.18,36.13,36.22,35.78,93.33M,-0.30%
2009-06-02,36.29,36.04,36.64,35.96,126.86M,0.14%
2009-06-01,36.24,35.58,36.35,35.46,119.19M,2.87%
2009-05-29,35.23,34.84,35.35,34.62,111.54M,1.21%
2009-05-28,34.81,34.63,34.92,34.07,118.93M,1.16%
2009-05-27,34.41,34.54,35.04,34.29,121.39M,-0.69%
2009-05-26,34.65,33.05,34.69,33.04,144.86M,3.74%
2009-05-22,33.4,33.64,33.83,33.18,83.52M,-0.33%
2009-05-21,33.51,33.88,34.12,33.17,139.25M,-1.85%
2009-05-20,34.14,34.4,34.9,34.04,131.87M,-0.35%
2009-05-19,34.26,34,34.6,33.81,129.09M,0.47%
2009-05-18,34.1,33.45,34.14,33.25,114.33M,2.62%
2009-05-15,33.23,33.22,33.68,33.09,121.33M,-0.06%
2009-05-14,33.25,32.96,33.56,32.94,140.02M,1.13%
2009-05-13,32.88,33.49,33.51,32.82,175.55M,-2.69%
2009-05-12,33.79,34.28,34.34,33.38,147.84M,-1.23%
2009-05-11,34.21,33.64,34.58,33.54,142.78M,0.35%
2009-05-08,34.09,34.21,34.6,33.74,183.51M,0.06%
2009-05-07,34.07,35.1,35.12,33.74,216.48M,-2.35%
2009-05-06,34.89,35.17,35.19,34.32,178.84M,0.03%
2009-05-05,34.88,34.85,34.92,34.49,113.64M,-0.09%
2009-05-04,34.91,34.53,34.94,34.38,119.32M,1.99%
2009-05-01,34.23,34.14,34.4,33.87,100.11M,0.26%
2009-04-30,34.14,34.23,34.76,33.9,144.12M,1.01%
2009-04-29,33.8,33.61,34.26,33.5,141.41M,1.38%
2009-04-28,33.34,33.38,33.77,33.22,108.97M,-0.74%
2009-04-27,33.59,33.28,33.92,33.21,120.75M,0.12%
2009-04-24,33.55,33.21,33.79,32.93,141.17M,1.76%
2009-04-23,32.97,32.87,33,32.36,181.85M,0.98%
2009-04-22,32.65,32.37,33.39,32.26,165.04M,0.31%
2009-04-21,32.55,31.96,32.6,31.95,145.49M,1.37%
2009-04-20,32.11,32.56,32.68,31.93,123.08M,-3.20%
2009-04-17,33.17,33.02,33.36,32.79,129.84M,0.21%
2009-04-16,33.1,32.69,33.29,32.38,171.17M,2.57%
2009-04-15,32.27,32.11,32.3,31.72,124.81M,-0.28%
2009-04-14,32.36,32.55,32.74,32.14,124.07M,-1.19%
2009-04-13,32.75,32.66,32.93,32.4,119.31M,-0.15%
2009-04-09,32.8,32.4,32.87,32.3,131.87M,3.08%
2009-04-08,31.82,31.59,32.02,31.36,126.13M,1.69%
2009-04-07,31.29,31.77,31.79,31.08,147.53M,-2.64%
2009-04-06,32.14,31.84,32.2,31.52,160.41M,-0.25%
2009-04-03,32.22,31.92,32.27,31.7,134.58M,1.87%
2009-04-02,31.63,31.21,32.14,31.1,212.27M,3.23%
2009-04-01,30.64,29.82,30.75,29.67,137.95M,1.49%
2009-03-31,30.19,30.18,30.82,30.14,150.24M,0.84%
2009-03-30,29.94,30.16,30.19,29.5,162.92M,-2.44%
2009-03-27,30.69,30.94,31.05,30.58,156.11M,-1.89%
2009-03-26,31.28,30.75,31.33,30.29,182.46M,3.10%
2009-03-25,30.34,30.45,30.92,29.54,190.60M,0.43%
2009-03-24,30.21,30.52,30.75,30.18,120.85M,-1.82%
2009-03-23,30.77,29.74,30.81,29.08,179.64M,5.88%
2009-03-20,29.06,29.54,29.91,28.86,149.44M,-1.69%
2009-03-19,29.56,30,30.01,29.34,146.77M,-0.07%
2009-03-18,29.58,29.11,30.08,28.96,208.15M,1.27%
2009-03-17,29.21,28.29,29.21,28.18,169.85M,3.80%
2009-03-16,28.14,28.78,28.86,28.07,190.33M,-1.68%
2009-03-13,28.62,28.56,28.72,28.2,156.78M,0.25%
2009-03-12,28.55,27.61,28.64,27.33,184.51M,3.29%
2009-03-11,27.64,27.52,27.87,27.15,173.15M,1.54%
2009-03-10,27.22,26.15,27.28,26.05,175.07M,6.20%
2009-03-09,25.63,25.94,26.7,25.52,181.15M,-2.14%
2009-03-06,26.19,26.52,26.7,25.6,218.42M,-0.80%
2009-03-05,26.4,26.92,27.13,26.31,199.62M,-3.01%
2009-03-04,27.22,26.9,27.6,26.81,164.91M,2.68%
2009-03-03,26.51,26.74,27.05,26.31,158.74M,-0.08%
2009-03-02,26.53,27.01,27.4,26.36,188.18M,-3.25%
2009-02-27,27.42,27.38,27.86,27.28,204.49M,-0.94%
2009-02-26,27.68,28.66,28.83,27.59,211.28M,-2.77%
2009-02-25,28.47,28.5,29.05,28.02,220.22M,-0.66%
2009-02-24,28.66,27.88,28.86,27.84,181.34M,3.32%
2009-02-23,27.74,28.91,28.93,27.62,169.47M,-3.51%
2009-02-20,28.75,28.34,29.03,28.27,210.75M,0.28%
2009-02-19,28.67,29.31,29.49,28.6,155.32M,-1.55%
2009-02-18,29.12,29.29,29.55,28.75,161.27M,0.07%
2009-02-17,29.1,29.35,29.55,28.94,157.78M,-3.96%
2009-02-13,30.3,30.33,30.65,30.16,145.06M,-0.46%
2009-02-12,30.44,29.71,30.48,29.52,201.15M,1.20%
2009-02-11,30.08,30.21,30.4,29.61,169.17M,-0.43%
2009-02-10,30.21,31.17,31.55,29.98,232.79M,-3.70%
2009-02-09,31.37,31.26,31.54,31.06,98.85M,0.42%
2009-02-06,31.24,30.58,31.38,30.45,164.51M,2.63%
2009-02-05,30.44,29.35,30.64,29.34,217.57M,2.18%
2009-02-04,29.79,29.81,30.74,29.67,175.78M,0.13%
2009-02-03,29.75,29.34,30.3,28.91,120.61M,1.57%
2009-02-02,29.29,28.65,29.49,28.62,126.88M,1.21%
2009-01-30,28.94,29.7,29.81,28.82,140.36M,-1.77%
2009-01-29,29.46,29.85,30.28,29.36,130.77M,-2.51%
2009-01-28,30.22,29.71,30.52,29.69,139.80M,3.49%
2009-01-27,29.2,29.02,29.45,29,110.91M,0.72%
2009-01-26,28.99,28.84,29.47,28.63,140.48M,0.73%
2009-01-23,28.78,28.19,29.23,28.02,170.16M,0.49%
2009-01-22,28.64,28.4,29.11,28.14,200.60M,-1.34%
2009-01-21,29.03,28.31,29.07,27.98,149.24M,4.27%
2009-01-20,27.84,29.17,29.31,27.84,135.25M,-4.98%
2009-01-16,29.3,29.41,29.48,28.58,175.49M,1.10%
2009-01-15,28.98,28.43,29.22,27.95,192.79M,1.65%
2009-01-14,28.51,29.05,29.16,28.35,137.10M,-3.06%
2009-01-13,29.41,29.4,29.86,29.06,186.39M,0.03%
2009-01-12,29.4,30,30.03,29.08,102.78M,-1.84%
2009-01-09,29.95,30.66,30.66,29.8,117.17M,-2.22%
2009-01-08,30.63,30.21,30.67,29.96,131.93M,1.06%
2009-01-07,30.31,30.68,30.77,30.07,134.06M,-2.85%
2009-01-06,31.2,31.15,31.5,30.98,136.82M,1.00%
2009-01-05,30.89,30.69,31.2,30.46,91.82M,-0.03%
2009-01-02,30.9,29.65,31,29.57,107.92M,4.32%
2008-12-31,29.62,29.36,29.96,29.33,89.22M,0.85%
2008-12-30,29.37,28.86,29.47,28.82,77.13M,2.09%
2008-12-29,28.77,29.11,29.12,28.34,52.74M,-0.83%
2008-12-26,29.01,29.07,29.11,28.85,20.95M,-0.03%
2008-12-24,29.02,29.08,29.09,28.86,27.21M,0.28%
2008-12-23,28.94,29.16,29.5,28.77,68.80M,-0.52%
2008-12-22,29.09,29.74,29.8,28.62,95.42M,-2.19%
2008-12-19,29.74,29.86,30.24,29.54,118.33M,0.68%
2008-12-18,29.54,30.07,30.27,29.24,142.77M,-1.76%
2008-12-17,30.07,30.1,30.47,29.7,159.97M,-1.18%
2008-12-16,30.43,29.3,30.53,28.98,172.05M,4.79%
2008-12-15,29.04,29.61,29.64,28.62,107.94M,-1.76%
2008-12-12,29.56,28.57,29.74,28.35,158.61M,2.04%
2008-12-11,28.97,29.68,30.14,28.82,167.45M,-2.75%
2008-12-10,29.79,29.97,30.33,29.5,162.46M,-0.33%
2008-12-09,29.89,29.56,30.7,29.45,178.39M,-0.23%
2008-12-08,29.96,29.43,30.33,29.32,185.85M,3.96%
2008-12-05,28.82,27.39,28.95,26.84,212.31M,4.04%
2008-12-04,27.7,28.03,28.66,27.21,188.92M,-2.81%
2008-12-03,28.5,27.02,28.59,26.96,231.01M,2.85%
2008-12-02,27.71,27.17,27.77,26.73,181.78M,3.32%
2008-12-01,26.82,28.38,28.39,26.78,149.33M,-7.52%
2008-11-28,29,28.92,29.07,28.71,41.24M,-0.79%
2008-11-26,29.23,27.76,29.24,27.7,165.06M,4.21%
2008-11-25,28.05,28.5,28.52,27.41,203.05M,-0.46%
2008-11-24,28.18,27.11,28.52,26.87,225.21M,6.10%
2008-11-21,26.56,25.85,26.57,24.95,282.77M,4.36%
2008-11-20,25.45,26.43,27.34,25.36,342.47M,-4.86%
2008-11-19,26.75,28.28,28.66,26.68,244.29M,-5.21%
2008-11-18,28.22,28.44,28.63,27.28,252.79M,-0.11%
2008-11-17,28.25,28.37,29.11,28.14,202.89M,-2.11%
2008-11-14,28.86,29.68,30.29,28.75,259.41M,-4.85%
2008-11-13,30.33,28.51,30.4,27.17,318.27M,6.09%
2008-11-12,28.59,29.53,29.68,28.53,184.94M,-4.64%
2008-11-11,29.98,30.34,30.63,29.6,162.92M,-2.15%
2008-11-10,30.64,31.81,31.84,30.27,142.74M,-1.35%
2008-11-07,31.06,30.79,31.35,30.46,176.98M,2.07%
2008-11-06,30.43,31.37,31.74,30.27,220.78M,-4.49%
2008-11-05,31.86,33.35,33.46,31.79,184.15M,-5.21%
2008-11-04,33.61,33.35,33.87,32.84,182.53M,2.85%
2008-11-03,32.68,32.67,33.16,32.38,128.50M,-0.21%
2008-10-31,32.75,32.23,33.29,31.96,224.28M,0.15%
2008-10-30,32.7,32.53,32.92,31.85,255.29M,3.32%
2008-10-29,31.65,31.82,32.94,31.12,341.39M,-0.25%
2008-10-28,31.73,29.56,31.75,28.73,327.37M,11.06%
2008-10-27,28.57,29.02,30.08,28.54,239.49M,-2.79%
2008-10-24,29.39,28.01,30.12,27.97,322.13M,-3.19%
2008-10-23,30.36,30.33,30.96,28.78,377.97M,-0.39%
2008-10-22,30.48,31.26,31.47,29.59,289.99M,-2.78%
2008-10-21,31.35,32.52,33.12,31.35,239.93M,-5.17%
2008-10-20,33.06,32.65,33.12,31.57,232.78M,2.77%
2008-10-17,32.17,31.49,33.51,31.28,326.59M,0.12%
2008-10-16,32.13,30.69,32.14,29.13,494.91M,5.45%
2008-10-15,30.47,33.09,33.21,30.41,312.09M,-8.96%
2008-10-14,33.47,35.95,36,33.05,342.31M,-4.32%
2008-10-13,34.98,32.72,35.1,32.27,277.35M,12.15%
2008-10-10,31.19,30.39,32.35,29.26,472.45M,-0.64%
2008-10-09,31.39,33.01,33.54,30.84,352.62M,-2.70%
2008-10-08,32.26,31.82,33.98,31.71,452.57M,-0.77%
2008-10-07,32.51,34.99,35.05,32.14,329.54M,-6.37%
2008-10-06,34.72,35.11,35.38,32.77,394.16M,-3.64%
2008-10-03,36.03,37.11,38.02,35.95,272.14M,-1.56%
2008-10-02,36.6,38.09,38.09,36.49,192.19M,-4.54%
2008-10-01,38.34,38.67,38.81,37.87,174.12M,-1.06%
2008-09-30,38.75,37.58,39.14,37.44,195.51M,2.89%
2008-09-29,37.66,40.09,40.21,37.03,307.95M,-7.94%
2008-09-26,40.91,40.13,41.32,40.05,182.68M,-1.02%
2008-09-25,41.33,41.04,41.85,40.86,148.59M,1.60%
2008-09-24,40.68,40.68,41.09,40.35,159.31M,0.69%
2008-09-23,40.4,41.01,41.58,40.27,185.95M,-0.76%
2008-09-22,40.71,42.57,42.66,40.63,164.70M,-4.71%
2008-09-19,42.72,43.64,43.65,41.93,263.40M,3.19%
2008-09-18,41.4,40.95,41.8,39.34,423.93M,3.04%
2008-09-17,40.18,41.67,42.25,40.02,340.09M,-4.85%
2008-09-16,42.23,41.3,42.66,41.26,349.55M,0.76%
2008-09-15,41.91,42.22,43.11,41.86,616.80M,-3.10%
2008-09-12,43.25,43.05,43.53,42.72,172.09M,-0.39%
2008-09-11,43.42,42,43.51,42,203.44M,1.88%
2008-09-10,42.62,42.69,43,42.27,160.66M,0.83%
2008-09-09,42.27,43.17,43.61,42.17,214.18M,-2.13%
2008-09-08,43.19,43.86,44.04,42.5,311.07M,-0.18%
2008-09-05,43.27,43.12,43.6,42.63,247.98M,-0.48%
2008-09-04,43.48,44.66,44.72,43.48,219.36M,-3.23%
2008-09-03,44.93,45.26,45.45,44.6,161.68M,-0.95%
2008-09-02,45.36,46.67,46.89,45.15,162.40M,-1.24%
2008-08-29,45.93,46.42,46.93,45.73,133.27M,-2.11%
2008-08-28,46.92,46.73,47.08,46.64,112.81M,0.82%
2008-08-27,46.54,46.26,46.9,46.1,108.49M,0.65%
2008-08-26,46.24,46.32,46.58,45.93,107.23M,-0.13%
2008-08-25,46.3,46.96,47.01,46.18,128.08M,-2.09%
2008-08-22,47.29,46.93,47.48,46.89,96.53M,1.39%
2008-08-21,46.64,46.54,46.89,46.19,118.92M,-0.55%
2008-08-20,46.9,47.16,47.36,46.55,155.47M,0.17%
2008-08-19,46.82,47.16,47.39,46.56,155.42M,-1.22%
2008-08-18,47.4,48.09,48.11,47.06,151.40M,-1.15%
2008-08-15,47.95,48.15,48.37,47.76,123.12M,-0.21%
2008-08-14,48.05,47.34,48.26,47.29,158.07M,0.99%
2008-08-13,47.58,47.54,47.92,47.05,169.66M,0.02%
2008-08-12,47.57,47.56,47.96,47.31,140.60M,0.04%
2008-08-11,47.55,47.1,48.08,46.95,157.29M,0.91%
2008-08-08,47.12,46.06,47.24,45.96,143.12M,2.26%
2008-08-07,46.08,46.16,46.66,45.89,152.81M,-0.78%
2008-08-06,46.44,45.74,46.62,45.39,133.46M,1.53%
2008-08-05,45.74,44.71,45.78,44.65,151.73M,3.37%
2008-08-04,44.25,44.68,44.73,44.12,116.31M,-0.98%
2008-08-01,44.69,45.33,45.36,44.22,180.38M,-1.28%
2008-07-31,45.27,44.92,45.96,44.83,180.73M,-0.24%
2008-07-30,45.38,45.27,45.63,44.69,165.68M,0.51%
2008-07-29,45.15,44.45,45.35,44.39,142.29M,2.06%
2008-07-28,44.24,45.08,45.33,44.03,124.03M,-1.86%
2008-07-25,45.08,44.79,45.29,44.57,111.62M,1.28%
2008-07-24,44.51,45.4,45.42,44.47,145.56M,-1.48%
2008-07-23,45.18,44.65,45.7,44.54,169.26M,1.32%
2008-07-22,44.59,43.84,44.62,43.68,152.52M,0.00%
2008-07-21,44.59,44.81,45,44.31,128.11M,0.41%
2008-07-18,44.41,44.98,44.98,44.41,160.66M,-2.29%
2008-07-17,45.45,45.37,45.63,44.79,197.56M,0.66%
2008-07-16,45.15,44.12,45.19,43.74,186.05M,2.47%
2008-07-15,44.06,43.83,44.74,43.12,283.89M,0.02%
2008-07-14,44.05,44.94,44.99,43.89,177.39M,-0.74%
2008-07-11,44.38,44.62,45.08,43.67,265.51M,-1.57%
2008-07-10,45.09,44.63,45.23,44.2,238.81M,1.19%
2008-07-09,44.56,45.77,45.84,44.55,168.58M,-2.66%
2008-07-08,45.78,44.76,45.82,44.58,206.26M,2.39%
2008-07-07,44.71,44.86,45.27,44.06,181.01M,0.58%
2008-07-03,44.45,44.79,44.89,44.1,123.12M,-0.18%
2008-07-02,44.53,45.77,45.94,44.46,199.73M,-2.39%
2008-07-01,45.62,44.67,45.67,44.5,245.49M,1.42%
2008-06-30,44.98,45.34,45.64,44.96,132.93M,-1.06%
2008-06-27,45.46,45.39,45.71,44.78,181.35M,0.00%
2008-06-26,45.46,46.51,46.51,45.45,190.03M,-4.03%
2008-06-25,47.37,46.82,47.8,46.75,179.02M,1.61%
2008-06-24,46.62,46.64,47.17,46.22,178.29M,-0.51%
2008-06-23,46.86,47.42,47.54,46.79,131.55M,-0.76%
2008-06-20,47.22,48.14,48.15,47.01,197.43M,-2.78%
2008-06-19,48.57,47.72,48.81,47.41,221.37M,1.57%
2008-06-18,47.82,48.06,48.25,47.63,169.34M,-1.08%
2008-06-17,48.34,48.75,48.86,48.27,122.95M,-0.53%
2008-06-16,48.6,47.92,48.82,47.87,136.34M,0.89%
2008-06-13,48.17,47.5,48.27,47.26,167.85M,2.01%
2008-06-12,47.22,47.51,47.91,46.81,189.92M,0.13%
2008-06-11,47.16,48.25,48.32,47.15,170.37M,-2.44%
2008-06-10,48.34,48.08,48.74,47.96,162.80M,-0.47%
2008-06-09,48.57,48.91,48.99,47.75,208.90M,-0.53%
2008-06-06,48.83,49.9,50,48.82,189.14M,-3.00%
2008-06-05,50.34,49.66,50.4,49.49,126.65M,1.59%
2008-06-04,49.55,48.77,49.89,48.74,174.97M,1.27%
2008-06-03,48.93,49.38,49.69,48.47,167.68M,-0.55%
2008-06-02,49.2,49.71,49.71,48.76,144.36M,-1.20%
2008-05-30,49.8,49.68,50.03,49.54,94.16M,0.65%
2008-05-29,49.48,49.07,49.76,49.05,143.99M,0.88%
2008-05-28,49.05,49.08,49.16,48.55,121.37M,0.35%
2008-05-27,48.88,48.12,48.91,48.09,106.99M,1.83%
2008-05-23,48,47.98,48.15,47.62,121.71M,-0.31%
2008-05-22,48.15,48.1,48.49,47.91,153.20M,0.35%
2008-05-21,47.98,49.11,49.39,47.82,192.81M,-2.22%
2008-05-20,49.07,49.25,49.27,48.69,137.16M,-0.75%
2008-05-19,49.44,49.84,50.26,49.14,140.18M,-0.72%
2008-05-16,49.8,49.88,49.9,49.25,146.56M,0.08%
2008-05-15,49.76,48.91,49.81,48.78,157.25M,1.74%
2008-05-14,48.91,49.22,49.72,48.84,143.60M,-0.22%
2008-05-13,49.02,48.93,49.13,48.56,85.45M,0.27%
2008-05-12,48.89,48.08,48.99,48,89.64M,1.83%
2008-05-09,48.01,47.83,48.26,47.7,97.06M,-0.39%
2008-05-08,48.2,48.04,48.5,47.86,128.06M,0.75%
2008-05-07,47.84,48.73,49.03,47.67,140.01M,-1.83%
2008-05-06,48.73,48.29,48.93,47.94,139.58M,0.62%
2008-05-05,48.43,48.53,48.83,48.2,75.62M,-0.29%
2008-05-02,48.57,48.99,48.99,48.14,124.99M,0.14%
2008-05-01,48.5,47.04,48.52,47.02,143.60M,3.17%
2008-04-30,47.01,47.49,47.86,46.84,132.15M,-0.82%
2008-04-29,47.4,46.96,47.56,46.87,91.27M,0.77%
2008-04-28,47.04,47.05,47.42,46.94,71.24M,0.17%
2008-04-25,46.96,47.11,47.15,46.38,121.95M,-0.23%
2008-04-24,47.07,46.68,47.59,46.2,166.69M,0.88%
2008-04-23,46.66,46.49,46.87,46.08,131.09M,1.11%
2008-04-22,46.15,46.54,46.58,45.74,104.69M,-1.49%
2008-04-21,46.85,46.42,46.89,46.3,83.30M,0.71%
2008-04-18,46.52,46.32,46.74,46.03,133.02M,3.19%
2008-04-17,45.08,45.23,45.56,44.79,125.06M,-0.22%
2008-04-16,45.18,44.51,45.29,44.47,134.03M,2.78%
2008-04-15,43.96,44.06,44.17,43.5,124.23M,0.14%
2008-04-14,43.9,44.03,44.3,43.77,89.27M,-0.45%
2008-04-11,44.1,44.83,44.91,43.94,120.14M,-2.76%
2008-04-10,45.35,44.74,45.65,44.74,112.80M,1.43%
2008-04-09,44.71,45.28,45.3,44.45,127.26M,-1.13%
2008-04-08,45.22,45.22,45.53,44.99,97.57M,-0.77%
2008-04-07,45.57,45.96,46.22,45.46,102.61M,-0.22%
2008-04-04,45.67,45.59,46.16,45.21,139.28M,0.59%
2008-04-03,45.4,45.1,45.72,44.95,140.03M,0.22%
2008-04-02,45.3,45.5,45.83,44.98,132.49M,-0.22%
2008-04-01,45.4,44.27,45.42,44.23,137.49M,4.27%
2008-03-31,43.54,43.47,43.84,43.27,113.64M,0.53%
2008-03-28,43.31,43.85,44.16,43.15,111.84M,-0.51%
2008-03-27,43.53,44.26,44.33,43.53,143.87M,-2.22%
2008-03-26,44.52,44.51,44.66,44.1,124.82M,-0.27%
2008-03-25,44.64,44.5,44.88,44.1,118.22M,0.54%
2008-03-24,44.4,43.1,44.57,43.1,125.08M,3.47%
2008-03-20,42.91,42.17,42.92,41.93,128.40M,1.95%
2008-03-19,42.09,43.33,43.42,42.06,216.16M,-2.46%
2008-03-18,43.15,42.07,43.16,41.94,216.30M,4.45%
2008-03-17,41.31,41.09,41.84,40.88,193.13M,-1.83%
2008-03-14,42.08,43.18,43.2,41.57,309.59M,-1.82%
2008-03-13,42.86,42.04,43.15,41.64,208.99M,0.78%
2008-03-12,42.53,42.84,43.26,42.42,155.57M,-0.28%
2008-03-11,42.65,41.69,42.67,41.34,196.89M,3.80%
2008-03-10,41.09,41.84,41.97,41,146.96M,-1.93%
2008-03-07,41.9,41.74,42.46,41.21,242.55M,-0.24%
2008-03-06,42,42.91,43.09,41.93,152.75M,-2.19%
2008-03-05,42.94,42.81,43.36,42.57,183.21M,0.49%
2008-03-04,42.73,42.23,42.86,41.85,183.85M,0.56%
2008-03-03,42.49,42.75,42.81,42.07,133.64M,-0.65%
2008-02-29,42.77,43.47,43.59,42.67,188.72M,-2.66%
2008-02-28,43.94,43.93,44.35,43.77,129.20M,-0.39%
2008-02-27,44.11,43.59,44.28,43.49,125.68M,0.50%
2008-02-26,43.89,43.47,44.3,43.19,148.38M,0.39%
2008-02-25,43.72,43.44,43.89,43.16,121.44M,0.51%
2008-02-22,43.5,43.49,43.51,42.42,157.36M,0.37%
2008-02-21,43.34,44.18,44.29,43.16,127.86M,-0.96%
2008-02-20,43.76,43.07,43.91,43.06,137.34M,0.46%
2008-02-19,43.56,44.21,44.32,43.09,110.51M,-0.18%
2008-02-15,43.64,43.59,43.8,43.27,100.05M,-0.34%
2008-02-14,43.79,44.65,44.66,43.71,170.87M,-1.79%
2008-02-13,44.59,44.21,44.69,43.98,148.69M,2.18%
2008-02-12,43.64,44.15,44.5,43.33,145.41M,-0.57%
2008-02-11,43.89,43.6,44.04,43.36,119.56M,1.08%
2008-02-08,43.42,43,43.59,42.76,173.78M,1.14%
2008-02-07,42.93,42.17,43.61,41.98,286.34M,0.70%
2008-02-06,42.63,43.74,43.99,42.59,178.28M,-1.98%
2008-02-05,43.49,43.94,44.42,43.46,188.99M,-2.84%
2008-02-04,44.76,45.39,45.42,44.75,100.21M,-1.41%
2008-02-01,45.4,45.33,45.69,44.69,161.92M,1.02%
2008-01-31,44.94,43.69,45.4,43.64,246.82M,1.70%
2008-01-30,44.19,44.06,45.13,44,220.82M,-0.09%
2008-01-29,44.23,44.38,44.5,43.86,138.52M,0.18%
2008-01-28,44.15,43.84,44.26,43.39,163.71M,0.78%
2008-01-25,43.81,45.67,45.68,43.76,199.30M,-2.03%
2008-01-24,44.72,44.01,44.74,43.88,250.25M,2.01%
2008-01-23,43.84,42.36,43.97,41.44,390.16M,-0.36%
2008-01-22,44,42.65,44.58,42.55,325.73M,-2.57%
2008-01-18,45.16,45.45,45.95,44.57,273.06M,-0.13%
2008-01-17,45.22,46.05,46.39,45.01,254.46M,-1.40%
2008-01-16,45.86,46,46.72,45.27,265.73M,-1.08%
2008-01-15,46.36,47.18,47.32,46.16,241.79M,-2.75%
2008-01-14,47.67,47.49,47.81,47.11,168.05M,1.73%
2008-01-11,46.86,47.52,47.57,46.51,211.69M,-1.95%
2008-01-10,47.79,47.22,48.21,47.09,249.96M,0.15%
2008-01-09,47.72,46.9,47.76,46.27,254.11M,2.12%
2008-01-08,46.73,48.09,48.56,46.73,261.70M,-2.58%
2008-01-07,47.97,48.21,48.4,47.23,235.08M,-0.48%
2008-01-04,48.2,49.58,49.62,48.01,212.66M,-4.38%
2008-01-03,50.41,50.19,50.55,49.94,114.11M,0.34%
2008-01-02,50.24,51.06,51.26,49.92,152.34M,-1.51%
2007-12-31,51.01,51.35,51.47,51,70.14M,-1.24%
2007-12-28,51.65,51.82,51.94,51.22,67.56M,-0.14%
2007-12-27,51.72,52.11,52.28,51.5,65.78M,-1.07%
2007-12-26,52.28,51.93,52.41,51.78,58.49M,0.50%
2007-12-24,52.02,51.79,52.18,51.74,34.50M,0.74%
2007-12-21,51.64,51.5,51.69,51.27,107.61M,1.87%
2007-12-20,50.69,50.46,50.75,49.99,167.34M,2.05%
2007-12-19,49.67,49.68,49.99,49.4,137.97M,-0.02%
2007-12-18,49.68,50.03,50.06,48.98,154.25M,0.32%
2007-12-17,49.52,50.57,50.78,49.5,134.38M,-2.44%
2007-12-14,50.76,50.88,51.39,50.71,128.41M,-1.03%
2007-12-13,51.29,51.12,51.42,50.77,153.68M,-0.54%
2007-12-12,51.57,52.03,52.21,50.68,162.98M,0.90%
2007-12-11,51.11,52.39,52.62,51,167.06M,-2.31%
2007-12-10,52.32,52.22,52.47,52.1,75.66M,0.40%
2007-12-07,52.11,52.07,52.32,51.86,88.99M,0.02%
2007-12-06,52.1,51.42,52.15,51.4,99.76M,1.44%
2007-12-05,51.36,50.99,51.78,50.95,137.62M,1.78%
2007-12-04,50.46,50.25,50.73,50.17,113.37M,-0.41%
2007-12-03,50.67,50.93,51.32,50.61,108.63M,-0.84%
2007-11-30,51.1,51.99,52.03,50.74,171.42M,-0.76%
2007-11-29,51.49,51.06,51.68,50.99,172.09M,0.43%
2007-11-28,51.27,50.42,51.49,50.39,216.87M,3.06%
2007-11-27,49.75,49.19,49.84,48.9,211.37M,1.99%
2007-11-26,48.78,49.77,50.16,48.7,150.35M,-1.71%
2007-11-23,49.63,49.42,49.76,49.17,46.47M,1.06%
2007-11-21,49.11,49.23,49.96,48.65,212.72M,-1.17%
2007-11-20,49.69,49.74,50.57,48.73,300.76M,0.40%
2007-11-19,49.49,49.96,50.24,49.21,198.65M,-1.16%
2007-11-16,50.07,49.93,50.28,49.14,263.62M,0.93%
2007-11-15,49.61,49.79,50.33,49.17,251.55M,-0.54%
2007-11-14,49.88,51.18,51.23,49.69,263.29M,-1.29%
2007-11-13,50.53,49.19,50.58,49.15,255.63M,4.12%
2007-11-12,48.53,49.71,50.03,48.45,283.22M,-2.53%
2007-11-09,49.79,50.52,50.91,49.79,309.42M,-3.36%
2007-11-08,51.52,52.92,53.11,50.59,380.63M,-3.03%
2007-11-07,53.13,54,54.35,53.09,197.91M,-2.42%
2007-11-06,54.45,54.11,54.46,53.56,131.88M,1.11%
2007-11-05,53.85,53.64,54.18,53.37,150.59M,-0.63%
2007-11-02,54.19,54.19,54.32,53.38,217.88M,0.76%
2007-11-01,53.78,54.45,54.54,53.75,181.97M,-1.86%
2007-10-31,54.8,54.24,54.84,53.82,148.43M,1.41%
2007-10-30,54.04,53.72,54.33,53.68,114.62M,0.19%
2007-10-29,53.94,53.97,54.11,53.62,101.90M,0.43%
2007-10-26,53.71,53.86,53.98,53.22,146.69M,1.67%
2007-10-25,52.83,53.66,53.76,52.53,233.84M,-1.34%
2007-10-24,53.55,53.52,53.72,51.78,298.35M,-0.76%
2007-10-23,53.96,53.39,53.99,53.12,162.36M,2.10%
2007-10-22,52.85,51.94,52.9,51.8,207.09M,1.21%
2007-10-19,52.22,53.55,53.55,52.17,245.11M,-2.50%
2007-10-18,53.56,53.11,53.67,52.9,144.50M,0.43%
2007-10-17,53.33,53.4,53.44,52.46,183.99M,1.29%
2007-10-16,52.65,52.57,53.06,52.46,193.68M,-0.47%
2007-10-15,52.9,53.39,53.49,52.48,121.58M,-0.77%
2007-10-12,53.31,52.68,53.32,52.58,131.68M,1.66%
2007-10-11,52.44,53.57,53.72,52.06,239.79M,-1.60%
2007-10-10,53.29,53.17,53.35,52.99,91.78M,0.24%
2007-10-09,53.16,53.05,53.23,52.81,94.21M,0.43%
2007-10-08,52.93,52.58,52.94,52.49,63.02M,0.63%
2007-10-05,52.6,51.95,52.68,51.84,115.68M,2.02%
2007-10-04,51.56,51.54,51.62,51.13,84.13M,0.23%
2007-10-03,51.44,51.63,51.85,51.29,106.78M,-0.68%
2007-10-02,51.79,51.82,51.84,51.51,71.05M,0.02%
2007-10-01,51.78,51.24,51.94,51.17,100.40M,1.13%
2007-09-28,51.2,51.33,51.47,50.97,75.55M,-0.33%
2007-09-27,51.37,51.41,51.44,51.15,73.43M,0.51%
2007-09-26,51.11,51.15,51.3,50.91,96.12M,0.49%
2007-09-25,50.86,50.21,50.86,50.15,101.10M,0.95%
2007-09-24,50.38,50.28,50.75,50.12,107.23M,0.46%
2007-09-21,50.15,50.07,50.31,49.81,86.84M,0.66%
2007-09-20,49.82,49.85,50.05,49.71,109.97M,-0.28%
2007-09-19,49.96,50.08,50.38,49.77,127.03M,0.26%
2007-09-18,49.83,48.89,52.55,48.63,151.45M,2.51%
2007-09-17,48.61,48.79,48.9,48.39,84.88M,-0.84%
2007-09-14,49.02,48.6,49.11,48.53,99.80M,0.08%
2007-09-13,48.98,49.09,49.15,48.74,80.81M,0.49%
2007-09-12,48.74,48.64,49.17,48.58,94.01M,0.02%
2007-09-11,48.73,48.31,48.79,48.23,103.06M,1.52%
2007-09-10,48,48.42,48.55,47.61,125.21M,-0.06%
2007-09-07,48.03,48.33,48.4,47.75,152.44M,-1.86%
2007-09-06,48.94,49.03,49.16,48.61,99.22M,-0.08%
2007-09-05,48.98,49.35,49.44,48.67,114.05M,-0.99%
2007-09-04,49.47,48.72,49.79,48.71,98.48M,1.64%
2007-08-31,48.67,48.66,48.86,48.41,94.69M,1.12%
2007-08-30,48.13,47.63,48.54,47.55,138.93M,0.52%
2007-08-29,47.88,46.86,47.92,46.86,113.20M,2.86%
2007-08-28,46.55,47.4,47.5,46.52,106.02M,-2.37%
2007-08-27,47.68,47.85,48,47.64,72.49M,-0.67%
2007-08-24,48,47.18,48.04,47.12,88.19M,1.42%
2007-08-23,47.33,47.62,47.65,47.03,118.66M,-0.27%
2007-08-22,47.46,47.18,47.5,47.07,115.82M,1.35%
2007-08-21,46.83,46.29,46.93,46.2,115.03M,1.06%
2007-08-20,46.34,46.29,46.53,45.89,144.72M,0.48%
2007-08-17,46.12,46.12,46.4,45.4,223.25M,1.90%
2007-08-16,45.26,45.35,45.72,45.26,362.48M,-0.98%
2007-08-15,45.71,46.49,46.9,45.62,214.85M,-1.91%
2007-08-14,46.6,47.49,47.54,46.54,153.54M,-1.69%
2007-08-13,47.4,47.48,47.68,47.28,116.96M,0.68%
2007-08-10,47.08,47.01,47.63,46.44,247.01M,-0.91%
2007-08-09,47.51,47.99,48.77,47.49,242.87M,-2.32%
2007-08-08,48.64,48.31,48.86,48.2,165.28M,1.10%
2007-08-07,48.11,47.68,48.42,47.28,167.58M,0.71%
2007-08-06,47.77,47.26,47.82,46.84,190.96M,1.16%
2007-08-03,47.22,48.05,48.11,46.96,166.05M,-1.91%
2007-08-02,48.14,47.74,48.23,47.59,177.80M,0.92%
2007-08-01,47.7,47.19,47.73,46.79,301.21M,0.78%
2007-07-31,47.33,48.77,48.79,47.23,260.32M,-2.11%
2007-07-30,48.35,48.01,48.53,47.75,166.52M,1.17%
2007-07-27,47.79,48.69,48.92,47.79,246.39M,-2.03%
2007-07-26,48.78,48.87,49.27,47.85,318.65M,-0.85%
2007-07-25,49.2,49.37,49.46,48.86,170.91M,0.14%
2007-07-24,49.13,49.5,49.89,48.85,175.55M,-1.46%
2007-07-23,49.86,50,50.1,49.71,107.46M,0.04%
2007-07-20,49.84,50.08,50.15,49.53,163.72M,-0.54%
2007-07-19,50.11,50.2,50.45,50.1,116.56M,0.30%
2007-07-18,49.96,49.73,49.96,49.43,144.92M,-0.12%
2007-07-17,50.02,49.76,50.09,49.71,124.84M,0.77%
2007-07-16,49.64,49.69,49.87,49.55,77.80M,-0.10%
2007-07-13,49.69,49.41,49.76,49.36,74.23M,0.67%
2007-07-12,49.36,48.85,49.46,48.72,107.67M,1.54%
2007-07-11,48.61,48.17,48.61,48.12,99.64M,0.68%
2007-07-10,48.28,48.42,48.7,48.23,104.40M,-0.84%
2007-07-09,48.69,48.7,48.78,48.52,66.77M,0.06%
2007-07-06,48.66,48.51,48.71,48.3,65.81M,0.41%
2007-07-05,48.46,48.15,48.57,48.09,73.59M,0.73%
2007-07-03,48.11,47.9,48.12,47.84,34.80M,0.63%
2007-07-02,47.81,47.51,47.85,47.48,80.93M,0.86%
2007-06-29,47.4,47.59,47.68,47.01,124.79M,0.17%
2007-06-28,47.32,47.32,47.65,47.27,116.60M,-0.04%
2007-06-27,47.34,46.55,47.36,46.51,141.24M,1.52%
2007-06-26,46.63,47.12,47.12,46.55,128.21M,-0.58%
2007-06-25,46.9,47.11,47.38,46.63,136.62M,-0.40%
2007-06-22,47.09,47.44,47.51,46.95,153.42M,-0.95%
2007-06-21,47.54,47.11,47.59,46.89,143.20M,0.91%
2007-06-20,47.11,47.63,47.72,47.04,161.94M,-0.95%
2007-06-19,47.56,47.43,47.66,47.31,109.68M,-0.02%
2007-06-18,47.57,47.65,47.67,47.47,75.77M,0.08%
2007-06-15,47.53,47.55,47.67,47.45,100.41M,0.78%
2007-06-14,47.16,46.91,47.29,46.9,101.55M,0.64%
2007-06-13,46.86,46.55,46.9,46.35,148.03M,1.10%
2007-06-12,46.35,46.38,46.85,46.26,154.11M,-0.60%
2007-06-11,46.63,46.7,46.99,46.57,97.15M,-0.19%
2007-06-08,46.72,46.14,46.74,45.97,177.61M,1.24%
2007-06-07,46.15,46.72,47.01,46.13,221.63M,-1.56%
2007-06-06,46.88,47.17,47.18,46.77,183.21M,-1.06%
2007-06-05,47.38,47.23,47.38,46.81,151.18M,0.00%
2007-06-04,47.38,47.07,47.44,47.04,65.39M,0.30%
2007-06-01,47.24,47.38,47.57,47.17,125.12M,0.06%
2007-05-31,47.21,47.12,47.32,47.01,110.73M,0.47%
2007-05-30,46.99,46.29,47,46.16,134.48M,0.79%
2007-05-29,46.62,46.3,46.67,46.22,99.72M,0.78%
2007-05-25,46.26,46.07,46.37,45.99,87.15M,0.63%
2007-05-24,45.97,46.66,46.85,45.78,206.34M,-1.44%
2007-05-23,46.64,46.99,47.17,46.61,119.43M,-0.47%
2007-05-22,46.86,46.85,47.08,46.68,98.13M,0.09%
2007-05-21,46.82,46.55,47.04,46.48,112.90M,0.64%
2007-05-18,46.52,46.29,46.52,46.19,104.99M,0.82%
2007-05-17,46.14,46.31,46.38,46.1,110.31M,-0.47%
2007-05-16,46.36,46.01,46.37,45.72,144.72M,0.98%
2007-05-15,45.91,46.22,46.51,45.8,179.49M,-0.78%
2007-05-14,46.27,46.58,46.69,46,118.97M,-0.69%
2007-05-11,46.59,46.05,46.59,45.99,103.20M,1.28%
2007-05-10,46,46.48,46.59,45.88,171.26M,-1.37%
2007-05-09,46.64,46.3,46.78,46.27,116.01M,0.21%
2007-05-08,46.54,46.28,46.58,46.11,95.20M,0.22%
2007-05-07,46.44,46.46,46.59,46.38,47.69M,0.00%
2007-05-04,46.44,46.58,46.7,46.23,93.63M,0.09%
2007-05-03,46.4,46.34,46.53,46.24,98.02M,0.37%
2007-05-02,46.23,45.9,46.39,45.86,91.99M,0.78%
2007-05-01,45.87,45.78,45.95,45.47,135.09M,0.22%
2007-04-30,45.77,46.31,46.34,45.73,93.47M,-1.32%
2007-04-27,46.38,46.18,46.51,46.1,96.61M,0.04%
2007-04-26,46.36,46.23,46.46,46.14,99.41M,0.52%
2007-04-25,46.12,45.66,46.13,45.51,106.95M,1.34%
2007-04-24,45.51,45.44,45.64,45.14,108.20M,0.51%
2007-04-23,45.28,45.25,45.41,45.15,85.45M,0.15%
2007-04-20,45.21,45.33,45.48,45.01,122.44M,0.56%
2007-04-19,44.96,44.62,45.06,44.54,95.51M,0.31%
2007-04-18,44.82,44.74,45.04,44.64,82.05M,-0.33%
2007-04-17,44.97,44.96,45.01,44.77,81.88M,0.22%
2007-04-16,44.87,44.64,44.96,44.64,73.03M,0.90%
2007-04-13,44.47,44.39,44.54,44.11,94.58M,0.20%
2007-04-12,44.38,43.95,44.44,43.77,114.84M,0.79%
2007-04-11,44.03,44.46,44.48,43.89,116.95M,-1.06%
2007-04-10,44.5,44.26,44.5,44.23,76.44M,0.52%
2007-04-09,44.27,44.53,44.56,44.2,63.06M,-0.25%
2007-04-05,44.38,44.11,44.4,44.05,54.26M,0.50%
2007-04-04,44.16,44.02,44.2,43.95,85.20M,0.41%
2007-04-03,43.98,43.64,44.13,43.61,105.89M,1.31%
2007-04-02,43.41,43.49,43.58,43.12,89.63M,0.14%
2007-03-30,43.35,43.38,43.69,43.04,120.43M,-0.09%
2007-03-29,43.39,43.66,43.67,42.92,124.45M,0.12%
2007-03-28,43.34,43.6,43.85,43.33,144.92M,-1.07%
2007-03-27,43.81,44.05,44.06,43.77,76.68M,-0.70%
2007-03-26,44.12,43.96,44.14,43.45,114.26M,0.41%
2007-03-23,43.94,44.08,44.19,43.89,68.62M,-0.32%
2007-03-22,44.08,44.26,44.27,43.91,114.91M,-0.36%
2007-03-21,44.24,43.45,44.26,43.17,173.97M,1.94%
2007-03-20,43.4,43.08,43.41,43.03,81.05M,0.72%
2007-03-19,43.09,42.88,43.21,42.77,95.96M,1.03%
2007-03-16,42.65,42.76,42.86,42.43,108.37M,-0.14%
2007-03-15,42.71,42.72,42.88,42.54,111.63M,-0.23%
2007-03-14,42.81,42.25,42.82,41.93,192.59M,1.47%
2007-03-13,42.19,42.82,43.06,42.18,171.23M,-1.95%
2007-03-12,43.03,42.7,43.1,42.65,81.37M,0.54%
2007-03-09,42.8,43.15,43.16,42.47,128.63M,0.02%
2007-03-08,42.79,42.95,43.06,42.66,121.05M,0.68%
2007-03-07,42.5,42.68,42.8,42.47,116.63M,-0.40%
2007-03-06,42.67,42.38,42.81,42.32,155.74M,1.64%
2007-03-05,41.98,41.99,42.62,41.89,174.69M,-0.76%
2007-03-02,42.3,42.6,42.96,42.29,183.42M,-1.51%
2007-03-01,42.95,42.37,43.36,42.07,231.92M,-0.46%
2007-02-28,43.15,42.98,43.58,42.75,217.51M,0.33%
2007-02-27,43.01,44.18,44.3,42.88,317.95M,-4.10%
2007-02-26,44.85,45.29,45.31,44.57,102.25M,-0.49%
2007-02-23,45.07,45.23,45.27,44.87,113.51M,-0.35%
2007-02-22,45.23,45.17,45.36,44.88,116.39M,0.51%
2007-02-21,45,44.73,45.02,44.64,95.94M,0.31%
2007-02-20,44.86,44.47,44.93,44.25,93.68M,0.74%
2007-02-16,44.53,44.5,44.64,44.39,72.36M,-0.31%
2007-02-15,44.67,44.45,44.67,44.37,110.50M,0.56%
2007-02-14,44.42,43.87,44.53,43.86,133.56M,1.69%
2007-02-13,43.68,43.61,43.82,43.52,95.56M,0.37%
2007-02-12,43.52,43.7,43.71,43.41,126.97M,-0.32%
2007-02-09,43.66,44.39,44.54,43.55,133.50M,-1.38%
2007-02-08,44.27,44.21,44.42,44.05,89.56M,-0.02%
2007-02-07,44.28,44.11,44.47,43.94,118.01M,0.93%
2007-02-06,43.87,44.02,44.05,43.46,121.18M,-0.16%
2007-02-05,43.94,43.96,44.18,43.78,96.39M,-0.09%
2007-02-02,43.98,43.93,44.07,43.76,98.20M,0.32%
2007-02-01,43.84,44.09,44.22,43.67,147.41M,-0.11%
2007-01-31,43.89,43.42,44.01,43.15,157.95M,1.01%
2007-01-30,43.45,43.5,43.61,43.34,69.98M,0.05%
2007-01-29,43.43,43.27,43.73,43.22,104.21M,0.09%
2007-01-26,43.39,43.63,43.65,43.11,146.29M,-0.37%
2007-01-25,43.55,44.19,44.29,43.4,158.46M,-1.29%
2007-01-24,44.12,43.69,44.14,43.59,117.69M,1.66%
2007-01-23,43.4,43.46,43.8,43.32,133.26M,-0.25%
2007-01-22,43.51,44.03,44.05,43.33,123.48M,-1.09%
2007-01-19,43.99,43.8,44.1,43.73,127.58M,0.21%
2007-01-18,43.9,44.6,44.65,43.77,189.19M,-1.83%
2007-01-17,44.72,44.9,45.1,44.64,127.62M,-0.82%
2007-01-16,45.09,45.13,45.21,44.94,95.95M,-0.07%
2007-01-12,45.12,44.83,45.16,44.78,104.24M,0.51%
2007-01-11,44.89,44.53,45.05,44.47,174.10M,1.01%
2007-01-10,44.44,43.78,44.48,43.64,121.17M,1.18%
2007-01-09,43.92,43.82,44.11,43.45,121.76M,0.50%
2007-01-08,43.7,43.7,43.94,43.46,106.56M,0.07%
2007-01-05,43.67,43.75,43.77,43.3,140.72M,-0.48%
2007-01-04,43.88,43.12,44.03,42.97,137.38M,1.90%
2007-01-03,43.06,43.28,43.88,42.34,168.79M,0.19%
2006-12-29,42.98,43.03,43.43,42.94,75.17M,0.09%
2006-12-28,42.94,43.02,43.2,42.87,70.76M,-0.49%
2006-12-27,43.15,43.01,43.22,42.92,54.16M,0.51%
2006-12-26,42.93,42.75,42.94,42.7,50.87M,0.42%
2006-12-22,42.75,43.21,43.23,42.75,92.88M,-1.04%
2006-12-21,43.2,43.58,43.61,43.03,102.98M,-0.71%
2006-12-20,43.51,43.71,43.93,43.49,67.36M,-0.37%
2006-12-19,43.67,43.47,43.88,43.2,136.55M,-0.32%
2006-12-18,43.81,44.4,44.56,43.62,121.60M,-0.99%
2006-12-15,44.25,44.48,44.57,44.17,99.95M,0.14%
2006-12-14,44.19,43.79,44.39,43.76,109.14M,1.12%
2006-12-13,43.7,43.92,43.93,43.44,79.07M,0.18%
2006-12-12,43.62,43.85,43.95,43.38,111.27M,-0.59%
2006-12-11,43.88,43.65,44.19,43.57,72.99M,0.37%
2006-12-08,43.72,43.39,44.08,43.29,133.82M,0.46%
2006-12-07,43.52,44.16,44.3,43.52,124.97M,-1.27%
2006-12-06,44.08,44.11,44.22,43.89,78.25M,-0.36%
2006-12-05,44.24,44.21,44.37,44.01,84.72M,0.36%
2006-12-04,44.08,43.61,44.3,43.61,89.97M,1.38%
2006-12-01,43.48,43.82,44.02,43.08,144.58M,-0.87%
2006-11-30,43.86,43.87,44.1,43.61,125.02M,-0.07%
2006-11-29,43.89,43.82,44,43.48,139.57M,0.69%
2006-11-28,43.59,43.34,43.66,43.16,118.28M,0.25%
2006-11-27,43.48,44.34,44.43,43.46,159.54M,-2.23%
2006-11-24,44.47,44.22,44.67,44.2,51.80M,-0.18%
2006-11-22,44.55,44.4,44.56,44.08,69.88M,0.63%
2006-11-21,44.27,44.24,44.33,44.07,68.15M,0.14%
2006-11-20,44.21,43.98,44.3,43.83,107.25M,0.20%
2006-11-17,44.12,43.88,44.12,43.77,95.20M,0.00%
2006-11-16,44.12,44.07,44.24,43.84,113.56M,0.43%
2006-11-15,43.93,43.8,44.22,43.74,116.59M,0.41%
2006-11-14,43.75,43.32,43.79,43.06,121.99M,1.09%
2006-11-13,43.28,42.88,43.36,42.82,89.17M,1.00%
2006-11-10,42.85,42.66,42.86,42.49,82.44M,0.54%
2006-11-09,42.62,43.09,43.17,42.49,124.30M,-0.54%
2006-11-08,42.85,42.4,43.02,42.29,180.47M,0.47%
2006-11-07,42.65,42.35,42.91,42.29,139.89M,0.68%
2006-11-06,42.36,41.89,42.53,41.89,101.36M,1.44%
2006-11-03,41.76,41.93,42.02,41.44,119.31M,-0.26%
2006-11-02,41.87,41.64,41.97,41.57,100.23M,0.10%
2006-11-01,41.83,42.55,42.59,41.65,148.97M,-1.34%
2006-10-31,42.4,42.38,42.58,42.14,135.83M,0.24%
2006-10-30,42.3,42,42.47,41.89,103.95M,0.62%
2006-10-27,42.04,42.55,42.64,41.91,129.38M,-1.41%
2006-10-26,42.64,42.39,42.74,42.05,130.87M,0.92%
2006-10-25,42.25,41.97,42.34,41.88,125.41M,0.69%
2006-10-24,41.96,42.12,42.27,41.75,103.68M,-0.69%
2006-10-23,42.25,41.75,42.4,41.65,127.00M,1.00%
2006-10-20,41.83,41.88,41.91,41.47,105.46M,0.24%
2006-10-19,41.73,41.52,41.94,41.42,108.24M,0.24%
2006-10-18,41.63,42.05,42.14,41.48,121.16M,-0.48%
2006-10-17,41.83,42,42.03,41.59,146.15M,-1.04%
2006-10-16,42.27,42.25,42.44,42.22,62.05M,0.05%
2006-10-13,42.25,42.05,42.34,41.97,80.48M,0.45%
2006-10-12,42.06,41.59,42.08,41.53,95.34M,1.67%
2006-10-11,41.37,41.26,41.66,41,136.57M,-0.19%
2006-10-10,41.45,41.44,41.58,41.14,98.21M,0.17%
2006-10-09,41.38,41.2,41.57,41.15,62.82M,0.34%
2006-10-06,41.24,41.21,41.39,41.07,85.45M,-0.22%
2006-10-05,41.33,41.11,41.39,41.01,92.19M,0.49%
2006-10-04,41.13,40.05,41.14,39.97,149.50M,2.47%
2006-10-03,40.14,39.88,40.31,39.72,116.29M,0.43%
2006-10-02,39.97,40.43,40.53,39.91,97.15M,-1.26%
2006-09-29,40.48,40.72,40.76,40.45,85.45M,-0.44%
2006-09-28,40.66,40.6,40.72,40.26,86.05M,0.27%
2006-09-27,40.55,40.53,40.78,40.33,113.15M,-0.12%
2006-09-26,40.6,40.35,40.63,40.23,113.55M,0.50%
2006-09-25,40.4,39.88,40.49,39.52,136.56M,1.74%
2006-09-22,39.71,39.98,39.99,39.54,101.04M,-0.75%
2006-09-21,40.01,40.35,40.5,39.91,126.90M,-0.62%
2006-09-20,40.26,40.03,40.37,40.02,116.65M,1.44%
2006-09-19,39.69,40.07,40.08,39.36,159.08M,-0.63%
2006-09-18,39.94,39.95,40.23,39.77,117.82M,0.00%
2006-09-15,39.94,40.17,40.29,39.83,137.85M,0.30%
2006-09-14,39.82,39.69,40.05,39.6,98.12M,0.08%
2006-09-13,39.79,39.57,39.82,39.47,116.10M,0.68%
2006-09-12,39.52,38.79,39.64,38.79,124.11M,1.86%
2006-09-11,38.8,38.25,38.99,38.16,142.38M,0.62%
2006-09-08,38.56,38.38,38.66,38.3,96.63M,0.63%
2006-09-07,38.32,38.41,38.74,38.2,115.90M,-0.49%
2006-09-06,38.51,38.92,39.03,38.45,97.90M,-2.01%
2006-09-05,39.3,38.95,39.32,38.69,85.59M,0.98%
2006-09-01,38.92,38.91,39.05,38.74,69.39M,0.54%
2006-08-31,38.71,38.78,38.87,38.6,61.22M,-0.10%
2006-08-30,38.75,38.59,38.87,38.44,75.71M,0.47%
2006-08-29,38.57,38.42,38.6,38.02,104.87M,0.31%
2006-08-28,38.45,38.12,38.63,38.08,80.09M,0.76%
2006-08-25,38.16,38.01,38.48,37.9,73.59M,0.18%
2006-08-24,38.09,38.1,38.19,37.76,79.00M,0.29%
2006-08-23,37.98,38.31,38.51,37.76,96.07M,-0.76%
2006-08-22,38.27,38.2,38.65,38.04,102.13M,0.03%
2006-08-21,38.26,38.31,38.4,38.1,66.67M,-0.96%
2006-08-18,38.63,38.49,38.67,38.12,97.77M,0.16%
2006-08-17,38.57,38.31,38.82,38.28,129.70M,0.39%
2006-08-16,38.42,37.83,38.45,37.68,135.47M,2.34%
2006-08-15,37.54,37.07,37.59,36.94,133.72M,2.51%
2006-08-14,36.62,36.71,37.12,36.55,109.35M,0.66%
2006-08-11,36.38,36.5,36.54,36.22,86.93M,-0.71%
2006-08-10,36.64,36.31,36.73,36.16,102.51M,0.71%
2006-08-09,36.38,36.86,37.16,36.28,145.39M,0.14%
2006-08-08,36.33,36.66,36.75,36.11,124.51M,-0.63%
2006-08-07,36.56,36.77,36.79,36.38,69.67M,-0.65%
2006-08-04,36.8,37.27,37.47,36.47,123.50M,-0.46%
2006-08-03,36.97,36.39,37.19,36.33,99.30M,0.63%
2006-08-02,36.74,36.46,36.98,36.46,87.40M,1.13%
2006-08-01,36.33,36.64,36.65,36.11,98.57M,-1.68%
2006-07-31,36.95,36.93,37.17,36.74,78.10M,-0.03%
2006-07-28,36.96,36.41,36.99,36.35,93.57M,2.10%
2006-07-27,36.2,36.58,36.89,36.1,99.71M,-0.66%
2006-07-26,36.44,36.35,36.72,36.08,107.19M,-0.08%
2006-07-25,36.47,36.32,36.59,36.09,108.87M,0.58%
2006-07-24,36.26,35.7,36.28,35.65,130.30M,2.00%
2006-07-21,35.55,35.73,35.81,35.47,119.38M,-1.06%
2006-07-20,35.93,36.59,36.65,35.89,152.35M,-1.48%
2006-07-19,36.47,35.95,36.68,35.94,193.01M,1.31%
2006-07-18,36,36.07,36.18,35.39,207.27M,0.33%
2006-07-17,35.88,35.8,36.1,35.72,134.36M,0.25%
2006-07-14,35.79,36.15,36.23,35.64,172.45M,-1.02%
2006-07-13,36.16,36.51,36.89,36.16,177.75M,-1.69%
2006-07-12,36.78,37.4,37.48,36.69,154.46M,-1.87%
2006-07-11,37.48,37.13,37.58,36.93,136.12M,0.73%
2006-07-10,37.21,37.63,37.77,37.02,105.13M,-0.85%
2006-07-07,37.53,37.73,38.01,37.41,108.07M,-1.11%
2006-07-06,37.95,38.1,38.32,37.85,70.63M,-0.11%
2006-07-05,37.99,38.48,38.52,37.93,93.73M,-2.19%
2006-07-03,38.84,38.72,38.84,38.65,21.60M,0.60%
2006-06-30,38.61,38.96,38.98,38.52,82.72M,-0.49%
2006-06-29,38.8,37.8,38.8,37.74,182.43M,3.05%
2006-06-28,37.65,37.47,37.68,37.23,91.58M,0.75%
2006-06-27,37.37,38.12,38.17,37.33,128.23M,-1.89%
2006-06-26,38.09,38.01,38.23,37.91,65.16M,0.26%
2006-06-23,37.99,38,38.37,37.77,88.05M,-0.11%
2006-06-22,38.03,38.44,38.52,37.83,143.83M,-1.27%
2006-06-21,38.52,37.98,38.83,37.97,129.57M,1.58%
2006-06-20,37.92,37.93,38.32,37.78,102.89M,0.13%
2006-06-19,37.87,38.34,38.38,37.75,129.46M,-0.81%
2006-06-16,38.18,38.39,38.52,38.04,120.02M,-0.81%
2006-06-15,38.49,37.68,38.63,37.64,200.73M,2.72%
2006-06-14,37.47,37.21,37.55,37.05,201.89M,1.00%
2006-06-13,37.1,37.36,37.64,37.01,207.14M,-0.40%
2006-06-12,37.25,38.04,38.1,37.24,145.63M,-1.95%
2006-06-09,37.99,38.38,38.58,37.95,144.15M,-0.65%
2006-06-08,38.24,38.11,38.4,37.33,280.56M,-0.16%
2006-06-07,38.3,38.64,39.01,38.29,130.87M,-0.75%
2006-06-06,38.59,38.69,38.79,38.19,127.30M,-0.08%
2006-06-05,38.62,39.39,39.4,38.62,103.30M,-2.18%
2006-06-02,39.48,39.8,39.83,39.15,128.87M,-0.25%
2006-06-01,39.58,38.75,39.58,38.68,119.44M,2.38%
2006-05-31,38.66,38.56,38.9,38.38,137.10M,0.47%
2006-05-30,38.48,39.15,39.17,38.45,105.61M,-2.16%
2006-05-26,39.33,39.29,39.42,39.07,91.33M,0.33%
2006-05-25,39.2,38.92,39.22,38.66,123.53M,1.32%
2006-05-24,38.69,38.37,38.88,38.07,235.00M,0.68%
2006-05-23,38.43,39.1,39.22,38.41,142.65M,-0.98%
2006-05-22,38.81,38.86,39.08,38.46,169.61M,-0.97%
2006-05-19,39.19,39.01,39.31,38.59,194.31M,0.77%
2006-05-18,38.89,39.33,39.5,38.84,139.72M,-0.69%
2006-05-17,39.16,39.52,39.65,39.07,207.93M,-1.36%
2006-05-16,39.7,39.99,40.09,39.61,132.41M,-0.73%
2006-05-15,39.99,39.86,40.17,39.63,127.90M,-0.07%
2006-05-12,40.02,40.4,40.59,39.79,153.95M,-1.36%
2006-05-11,40.57,41.46,41.48,40.46,141.03M,-2.24%
2006-05-10,41.5,41.76,41.81,41.38,92.44M,-0.88%
2006-05-09,41.87,41.93,42.01,41.8,48.57M,-0.38%
2006-05-08,42.03,41.91,42.11,41.9,45.09M,0.10%
2006-05-05,41.99,41.94,42.04,41.77,80.39M,0.79%
2006-05-04,41.66,41.36,41.82,41.36,88.71M,0.82%
2006-05-03,41.32,41.41,41.47,41.11,74.98M,-0.15%
2006-05-02,41.38,41.44,41.56,41.23,85.17M,0.27%
2006-05-01,41.27,41.75,42.13,41.14,92.93M,-0.98%
2006-04-28,41.68,41.83,42.05,41.61,88.88M,-0.97%
2006-04-27,42.09,41.5,42.31,41.33,174.12M,0.96%
2006-04-26,41.69,41.7,41.89,41.53,82.57M,-0.02%
2006-04-25,41.7,41.91,41.93,41.48,77.66M,-0.22%
2006-04-24,41.79,41.79,41.9,41.55,78.56M,-0.10%
2006-04-21,41.83,42.48,42.68,41.65,130.19M,-1.16%
2006-04-20,42.32,42.44,42.64,42.2,81.41M,-0.35%
2006-04-19,42.47,42.36,42.47,42.13,79.13M,0.45%
2006-04-18,42.28,41.61,42.38,41.6,124.33M,1.90%
2006-04-17,41.49,41.87,42.04,41.22,104.09M,-1.05%
2006-04-13,41.93,41.73,42.15,41.62,63.48M,0.41%
2006-04-12,41.76,41.78,41.91,41.63,58.88M,0.02%
2006-04-11,41.75,42.22,42.25,41.54,91.49M,-0.81%
2006-04-10,42.09,42.22,42.32,41.92,58.99M,-0.14%
2006-04-07,42.15,42.72,42.87,42.13,116.61M,-0.94%
2006-04-06,42.55,42.41,42.76,42.26,91.71M,0.28%
2006-04-05,42.43,42.13,42.49,42.04,91.66M,0.93%
2006-04-04,42.04,41.87,42.14,41.76,90.04M,0.55%
2006-04-03,41.81,41.98,42.19,41.73,80.73M,0.12%
2006-03-31,41.76,41.97,42.02,41.67,71.09M,-0.29%
2006-03-30,41.88,41.82,42.13,41.62,115.94M,0.31%
2006-03-29,41.75,41.03,41.93,41,130.73M,1.90%
2006-03-28,40.97,41.2,41.5,40.82,100.53M,-0.41%
2006-03-27,41.14,41.11,41.34,41.07,54.41M,0.02%
2006-03-24,41.13,41.06,41.33,40.85,81.81M,0.51%
2006-03-23,40.92,40.92,41.05,40.65,75.22M,-0.29%
2006-03-22,41.04,40.71,41.11,40.69,112.32M,0.24%
2006-03-21,40.94,41.34,41.84,40.91,136.57M,-1.06%
2006-03-20,41.38,41.42,41.51,41.23,60.24M,0.24%
2006-03-17,41.28,41.15,41.42,41.06,78.23M,0.19%
2006-03-16,41.2,41.68,41.75,41.16,101.39M,-0.84%
2006-03-15,41.55,41.36,41.55,41.15,84.40M,0.85%
2006-03-14,41.2,40.48,41.25,40.47,118.22M,1.70%
2006-03-13,40.51,40.59,40.77,40.45,69.17M,0.30%
2006-03-10,40.39,40.31,40.62,40.02,124.49M,0.10%
2006-03-09,40.35,40.83,40.98,40.3,108.64M,-0.86%
2006-03-08,40.7,40.6,40.92,40.33,104.01M,0.05%
2006-03-07,40.68,40.86,40.9,40.48,96.50M,-0.59%
2006-03-06,40.92,41.36,41.46,40.79,99.59M,-0.87%
2006-03-03,41.28,41.28,41.84,41.22,112.08M,-0.58%
2006-03-02,41.52,41.38,41.67,41.24,69.88M,0.07%
2006-03-01,41.49,41.04,41.6,40.98,80.98M,1.37%
2006-02-28,40.93,41.42,41.55,40.8,117.64M,-1.49%
2006-02-27,41.55,41.2,41.7,41.16,64.96M,1.12%
2006-02-24,41.09,40.98,41.12,40.84,57.09M,0.27%
2006-02-23,40.98,41.05,41.37,40.91,66.53M,-0.27%
2006-02-22,41.09,40.63,41.37,40.51,91.00M,1.26%
2006-02-21,40.58,41.04,41.1,40.44,85.11M,-1.12%
2006-02-17,41.04,41.28,41.29,41.03,81.77M,-0.80%
2006-02-16,41.37,41.13,41.38,40.98,103.88M,0.93%
2006-02-15,40.99,40.62,41.09,40.56,92.27M,0.64%
2006-02-14,40.73,40.38,40.85,40.24,94.76M,1.02%
2006-02-13,40.32,40.55,40.57,40.13,70.66M,-1.15%
2006-02-10,40.79,40.51,40.89,40.09,102.58M,0.62%
2006-02-09,40.54,41.03,41.2,40.46,78.22M,-0.95%
2006-02-08,40.93,40.75,40.98,40.52,89.93M,1.16%
2006-02-07,40.46,40.57,40.76,40.27,87.38M,-0.44%
2006-02-06,40.64,40.73,40.84,40.42,58.17M,-0.27%
2006-02-03,40.75,40.94,41.06,40.61,121.10M,-1.24%
2006-02-02,41.26,41.86,41.91,41.24,94.05M,-1.72%
2006-02-01,41.98,41.58,42,41.53,89.24M,0.36%
2006-01-31,41.83,41.97,42.1,41.64,101.42M,-0.45%
2006-01-30,42.02,41.98,42.15,41.9,53.94M,0.19%
2006-01-27,41.94,41.64,42.21,41.57,110.84M,1.35%
2006-01-26,41.38,41.33,41.52,41.06,112.78M,0.71%
2006-01-25,41.09,41.47,41.5,40.91,99.83M,-0.44%
2006-01-24,41.27,41.19,41.53,41.14,77.97M,0.44%
2006-01-23,41.09,41.2,41.28,40.91,111.43M,0.02%
2006-01-20,41.08,42.26,42.31,40.98,188.67M,-2.98%
2006-01-19,42.34,42.22,42.64,42.12,111.11M,0.71%
2006-01-18,42.04,41.87,42.28,41.85,122.43M,-1.13%
2006-01-17,42.52,42.48,42.61,42.32,78.11M,-0.65%
2006-01-13,42.8,42.76,42.87,42.55,64.59M,-0.05%
2006-01-12,42.82,42.98,43.11,42.67,82.43M,-0.49%
2006-01-11,43.03,42.83,43.13,42.69,100.78M,0.77%
2006-01-10,42.7,42.46,42.74,42.37,84.42M,0.07%
2006-01-09,42.67,42.48,42.74,42.34,80.78M,0.40%
2006-01-06,42.5,42.09,42.52,41.89,110.12M,1.80%
2006-01-05,41.75,41.58,41.83,41.53,77.69M,0.43%
2006-01-04,41.57,41.24,41.57,41.14,92.78M,1.05%
2006-01-03,41.14,40.48,41.32,39.99,109.42M,2.24%
2005-12-30,40.24,40.38,40.41,40.19,60.05M,-0.76%
2005-12-29,40.55,40.86,40.95,40.48,47.31M,-0.66%
2005-12-28,40.82,40.89,41.06,40.7,50.32M,-0.12%
2005-12-27,40.87,41.35,41.51,40.8,55.67M,-0.87%
2005-12-23,41.23,41.34,41.42,41.13,38.00M,0.00%
2005-12-22,41.23,40.94,41.29,40.81,59.16M,0.66%
2005-12-21,40.96,40.85,41.24,40.78,68.93M,0.44%
2005-12-20,40.78,40.78,40.98,40.58,70.26M,0.07%
2005-12-19,40.75,41.51,41.54,40.73,75.42M,-1.59%
2005-12-16,41.41,41.7,41.77,41.38,63.74M,-0.93%
2005-12-15,41.8,41.83,41.9,41.44,72.68M,0.17%
2005-12-14,41.73,41.78,41.92,41.54,73.58M,-0.33%
2005-12-13,41.87,41.65,42.04,41.59,76.61M,0.43%
2005-12-12,41.69,41.7,41.77,41.51,44.87M,0.36%
2005-12-09,41.54,41.4,41.6,41.21,56.53M,0.36%
2005-12-08,41.39,41.79,41.83,41.1,112.04M,-0.72%
2005-12-07,41.69,41.84,41.86,41.46,83.89M,-0.17%
2005-12-06,41.76,41.86,42.14,41.73,81.51M,0.31%
2005-12-05,41.63,41.88,41.89,41.46,61.59M,-0.72%
2005-12-02,41.93,41.76,41.96,41.7,72.93M,0.24%
2005-12-01,41.83,41.34,41.88,41.33,91.91M,1.85%
2005-11-30,41.07,41.12,41.32,41.02,88.04M,-0.24%
2005-11-29,41.17,41.59,41.68,41.17,77.44M,-0.48%
2005-11-28,41.37,41.8,41.83,41.33,74.72M,-0.84%
2005-11-25,41.72,41.67,41.77,41.56,22.93M,0.22%
2005-11-23,41.63,41.56,41.85,41.54,64.10M,0.24%
2005-11-22,41.53,41.29,41.7,41.19,88.82M,0.36%
2005-11-21,41.38,41.23,41.41,41.07,69.73M,0.24%
2005-11-18,41.28,41.34,41.48,40.86,108.82M,0.34%
2005-11-17,41.14,40.74,41.15,40.68,94.45M,1.33%
2005-11-16,40.6,40.48,40.61,40.29,65.91M,0.62%
2005-11-15,40.35,40.56,40.73,40.21,79.54M,-0.49%
2005-11-14,40.55,40.6,40.69,40.44,53.65M,0.02%
2005-11-11,40.54,40.6,40.75,40.51,80.11M,0.27%
2005-11-10,40.43,40.01,40.52,39.75,120.76M,1.10%
2005-11-09,39.99,39.95,40.16,39.86,72.46M,0.05%
2005-11-08,39.97,39.9,40.18,39.82,78.86M,0.03%
2005-11-07,39.96,40.03,40.12,39.78,65.37M,0.13%
2005-11-04,39.91,39.83,40.06,39.68,100.94M,0.35%
2005-11-03,39.77,39.58,39.92,39.52,137.05M,1.51%
2005-11-02,39.18,38.56,39.3,38.55,101.56M,1.29%
2005-11-01,38.68,38.6,38.85,38.55,73.63M,-0.08%
2005-10-31,38.71,38.27,38.89,38.26,115.43M,1.44%
2005-10-28,38.16,38.01,38.23,37.76,95.37M,0.77%
2005-10-27,37.87,38.62,38.64,37.87,135.44M,-2.02%
2005-10-26,38.65,38.8,39.11,38.6,90.03M,-0.51%
2005-10-25,38.85,38.92,39.03,38.61,86.96M,-0.38%
2005-10-24,39,38.55,39.02,38.31,111.79M,1.59%
2005-10-21,38.39,38.54,38.7,38.17,110.05M,0.63%
2005-10-20,38.15,38.5,38.69,37.94,132.68M,-0.93%
2005-10-19,38.51,37.58,38.51,37.45,132.94M,2.01%
2005-10-18,37.75,37.98,38.02,37.75,88.10M,-0.71%
2005-10-17,38.02,37.9,38.03,37.66,64.21M,0.32%
2005-10-14,37.9,37.71,37.91,37.48,131.48M,0.74%
2005-10-13,37.62,37.32,37.75,37.18,138.58M,0.78%
2005-10-12,37.33,37.6,37.9,37.28,146.12M,-1.19%
2005-10-11,37.78,38.05,38.08,37.64,114.77M,-0.50%
2005-10-10,37.97,38.13,38.3,37.9,64.03M,-0.55%
2005-10-07,38.18,38.25,38.41,38.02,91.13M,0.24%
2005-10-06,38.09,38.57,38.7,37.76,162.27M,-1.32%
2005-10-05,38.6,39.15,39.18,38.57,106.23M,-1.38%
2005-10-04,39.14,39.44,39.72,39.13,85.38M,-0.66%
2005-10-03,39.4,39.38,39.59,39.35,81.69M,0.25%
2005-09-30,39.3,39,39.32,38.97,79.26M,0.67%
2005-09-29,39.04,38.47,39.05,38.29,117.77M,1.35%
2005-09-28,38.52,38.61,38.79,38.4,72.06M,0.03%
2005-09-27,38.51,38.64,38.74,38.35,64.09M,-0.23%
2005-09-26,38.6,38.81,38.87,38.39,69.35M,0.03%
2005-09-23,38.59,38.35,38.72,38.25,70.17M,0.29%
2005-09-22,38.48,38.28,38.57,38.08,119.17M,0.37%
2005-09-21,38.34,38.66,38.71,38.31,116.42M,-1.11%
2005-09-20,38.77,39,39.38,38.65,115.51M,-0.41%
2005-09-19,38.93,39.16,39.22,38.75,73.40M,-0.79%
2005-09-16,39.24,39.09,39.3,38.95,71.05M,0.62%
2005-09-15,39,39.1,39.18,38.89,80.48M,-0.05%
2005-09-14,39.02,39.49,39.52,38.99,98.67M,-1.14%
2005-09-13,39.47,39.51,39.74,39.38,66.19M,-0.25%
2005-09-12,39.57,39.47,39.7,39.42,51.70M,0.28%
2005-09-09,39.46,39.25,39.53,39.15,75.39M,0.56%
2005-09-08,39.24,39.13,39.41,39.11,73.54M,-0.03%
2005-09-07,39.25,39.14,39.32,39.05,57.47M,0.18%
2005-09-06,39.18,38.77,39.25,38.74,78.13M,1.48%
2005-09-02,38.61,38.83,38.87,38.58,53.27M,-0.39%
2005-09-01,38.76,38.82,38.99,38.62,74.92M,-0.15%
2005-08-31,38.82,38.48,38.85,38.32,93.45M,0.94%
2005-08-30,38.46,38.4,38.5,38.16,87.51M,-0.36%
2005-08-29,38.6,38.1,38.69,38.1,74.97M,0.78%
2005-08-26,38.3,38.37,38.44,38.11,63.88M,-0.34%
2005-08-25,38.43,38.4,38.53,38.33,52.34M,0.23%
2005-08-24,38.34,38.49,39.02,38.3,95.04M,-0.60%
2005-08-23,38.57,38.68,38.76,38.45,57.53M,-0.28%
2005-08-22,38.68,38.72,39.02,38.44,93.27M,0.05%
2005-08-19,38.66,38.73,38.84,38.63,52.18M,-0.05%
2005-08-18,38.68,38.71,38.94,38.61,72.73M,-0.51%
2005-08-17,38.88,38.76,39.01,38.63,75.63M,0.60%
2005-08-16,38.65,39.14,39.17,38.58,94.91M,-1.60%
2005-08-15,39.28,38.98,39.47,38.92,63.07M,0.59%
2005-08-12,39.05,38.96,39.16,38.81,86.47M,-0.56%
2005-08-11,39.27,38.97,39.38,38.94,93.64M,0.82%
2005-08-10,38.95,39.39,39.52,38.81,104.47M,-0.87%
2005-08-09,39.29,39.21,39.43,39.14,64.62M,0.67%
2005-08-08,39.03,39.36,39.45,38.98,64.63M,-0.74%
2005-08-05,39.32,39.45,39.63,39.26,71.26M,-0.48%
2005-08-04,39.51,39.72,39.77,39.41,72.06M,-0.95%
2005-08-03,39.89,39.74,39.96,39.72,61.98M,-0.05%
2005-08-02,39.91,39.54,39.97,39.49,79.72M,1.06%
2005-08-01,39.49,39.48,39.67,39.36,59.88M,0.20%
2005-07-29,39.41,39.71,39.75,39.36,74.76M,-0.83%
2005-07-28,39.74,39.58,39.76,39.48,67.12M,0.46%
2005-07-27,39.56,39.27,39.6,39.06,83.63M,0.76%
2005-07-26,39.26,39.23,39.37,39.03,69.66M,0.38%
2005-07-25,39.11,39.3,39.46,39.04,52.06M,-0.38%
2005-07-22,39.26,39.31,39.43,39.06,71.72M,-0.13%
2005-07-21,39.31,39.4,39.53,39.05,127.79M,0.03%
2005-07-20,39.3,38.77,39.41,38.74,91.98M,0.72%
2005-07-19,39.02,38.75,39.03,38.68,78.69M,1.17%
2005-07-18,38.57,38.61,38.73,38.53,59.12M,-0.41%
2005-07-15,38.73,38.68,38.84,38.49,67.73M,0.31%
2005-07-14,38.61,38.5,38.72,38.36,103.21M,0.99%
2005-07-13,38.23,38.16,38.27,38.01,72.55M,0.24%
2005-07-12,38.14,37.96,38.3,37.85,86.11M,0.47%
2005-07-11,37.96,37.71,38,37.64,96.46M,0.93%
2005-07-08,37.61,36.93,37.65,36.84,101.47M,1.90%
2005-07-07,36.91,36.43,36.94,36.4,120.22M,0.35%
2005-07-06,36.78,36.88,37.13,36.71,79.33M,-0.49%
2005-07-05,36.96,36.48,37.04,36.45,79.29M,1.07%
2005-07-01,36.57,36.71,36.85,36.53,55.29M,-0.16%
2005-06-30,36.63,36.99,37.06,36.6,87.96M,-0.76%
2005-06-29,36.91,37.1,37.11,36.82,71.58M,-0.24%
2005-06-28,37,36.8,37.11,36.75,73.38M,0.95%
2005-06-27,36.65,36.8,36.91,36.55,72.89M,-0.46%
2005-06-24,36.82,37.23,37.26,36.81,142.33M,-1.13%
2005-06-23,37.24,37.71,38.02,37.18,122.22M,-1.09%
2005-06-22,37.65,37.84,37.94,37.47,75.52M,-0.11%
2005-06-21,37.69,37.68,37.85,37.54,97.92M,-0.05%
2005-06-20,37.71,37.56,37.92,37.42,68.17M,0.00%
2005-06-17,37.71,37.95,38.05,37.59,89.17M,-0.08%
2005-06-16,37.74,37.58,37.84,37.5,90.51M,0.53%
2005-06-15,37.54,37.67,37.71,37.1,104.08M,0.32%
2005-06-14,37.42,37.53,37.68,37.34,62.76M,-0.40%
2005-06-13,37.57,37.33,37.79,37.31,82.36M,0.48%
2005-06-10,37.39,37.74,37.74,37.23,86.01M,-1.06%
2005-06-09,37.79,37.51,37.9,37.34,99.44M,0.64%
2005-06-08,37.55,37.74,37.79,37.4,79.25M,-0.21%
2005-06-07,37.63,37.99,38.31,37.58,109.62M,-0.84%
2005-06-06,37.95,37.96,38.03,37.8,53.08M,0.03%
2005-06-03,37.94,38.47,38.48,37.86,97.07M,-1.45%
2005-06-02,38.5,38.17,38.5,38.14,76.15M,0.65%
2005-06-01,38.25,37.87,38.52,37.86,110.99M,0.87%
2005-05-31,37.92,38.03,38.08,37.76,75.29M,-0.34%
2005-05-27,38.05,37.98,38.09,37.86,50.13M,0.05%
2005-05-26,38.03,37.82,38.11,37.82,84.09M,1.01%
2005-05-25,37.65,37.68,37.72,37.43,76.49M,-0.42%
2005-05-24,37.81,37.6,37.84,37.54,100.99M,0.32%
2005-05-23,37.69,37.5,37.83,37.44,93.08M,0.51%
2005-05-20,37.5,37.3,37.53,37.2,66.71M,0.37%
2005-05-19,37.36,37.14,37.36,37.05,94.00M,0.84%
2005-05-18,37.05,36.65,37.21,36.56,128.15M,1.37%
2005-05-17,36.55,36.2,36.59,36.06,91.71M,0.61%
2005-05-16,36.33,36.09,36.39,35.98,79.14M,0.67%
2005-05-13,36.09,35.85,36.32,35.74,133.31M,1.09%
2005-05-12,35.7,35.85,36.05,35.51,116.67M,-0.28%
2005-05-11,35.8,35.67,35.88,35.15,132.09M,0.51%
2005-05-10,35.62,35.71,35.81,35.47,77.48M,-0.72%
2005-05-09,35.88,35.72,35.91,35.51,66.37M,0.48%
2005-05-06,35.71,35.82,35.87,35.58,77.40M,0.28%
2005-05-05,35.61,35.6,35.78,35.38,79.63M,0.08%
2005-05-04,35.58,35.14,35.68,35.09,90.93M,1.22%
2005-05-03,35.15,34.91,35.45,34.89,104.08M,0.51%
2005-05-02,34.97,34.95,35.12,34.74,68.21M,0.37%
2005-04-29,34.84,34.86,34.92,34.21,144.51M,0.66%
2005-04-28,34.61,34.78,35,34.58,98.66M,-0.97%
2005-04-27,34.95,34.73,35.1,34.59,112.64M,0.11%
2005-04-26,34.91,35.14,35.55,34.9,108.10M,-0.91%
2005-04-25,35.23,35.15,35.32,35,72.22M,0.83%
2005-04-22,34.94,35.31,35.32,34.67,115.15M,-1.49%
2005-04-21,35.47,34.94,35.56,34.82,125.00M,2.63%
2005-04-20,34.56,35.06,35.14,34.45,140.46M,-0.83%
2005-04-19,34.85,34.86,34.95,34.61,97.51M,0.69%
2005-04-18,34.61,34.59,34.95,34.5,110.71M,0.03%
2005-04-15,34.6,35.09,35.22,34.54,170.27M,-2.26%
2005-04-14,35.4,35.91,35.95,35.35,158.93M,-1.42%
2005-04-13,35.91,36.41,36.45,35.83,109.07M,-1.64%
2005-04-12,36.51,36.29,36.59,35.76,145.34M,0.50%
2005-04-11,36.33,36.6,36.63,36.25,71.01M,-0.44%
2005-04-08,36.49,36.85,36.92,36.45,92.41M,-0.82%
2005-04-07,36.79,36.38,36.8,36.36,88.71M,1.21%
2005-04-06,36.35,36.51,36.75,36.27,82.22M,-0.16%
2005-04-05,36.41,36.35,36.52,36.26,66.46M,0.28%
2005-04-04,36.31,36.1,36.45,35.88,100.15M,0.72%
2005-04-01,36.05,36.67,36.73,35.98,143.85M,-1.02%
2005-03-31,36.42,36.58,36.6,36.29,86.65M,-0.44%
2005-03-30,36.58,36.08,36.63,36.07,115.02M,1.89%
2005-03-29,35.9,36.11,36.43,35.79,119.63M,-0.80%
2005-03-28,36.19,36.26,36.46,36.16,59.77M,0.19%
2005-03-24,36.12,36.24,36.5,36.12,77.71M,0.03%
2005-03-23,36.11,35.94,36.34,35.92,97.52M,0.36%
2005-03-22,35.98,36.48,36.6,35.96,114.13M,-1.24%
2005-03-21,36.43,36.44,36.6,36.1,92.84M,0.19%
2005-03-18,36.36,36.6,36.63,36.2,109.19M,-0.55%
2005-03-17,36.56,36.46,36.74,36.39,101.80M,0.27%
2005-03-16,36.46,36.76,37.03,36.38,159.76M,-1.17%
2005-03-15,36.89,37.29,37.33,36.84,93.92M,-0.81%
2005-03-14,37.19,37.09,37.21,36.88,71.60M,0.46%
2005-03-11,37.02,37.53,37.67,36.87,102.87M,-0.91%
2005-03-10,37.36,37.45,37.51,36.93,98.05M,-0.13%
2005-03-09,37.41,37.51,37.77,37.32,98.09M,-0.29%
2005-03-08,37.52,37.81,38.05,37.49,89.62M,-1.00%
2005-03-07,37.9,37.44,38.13,37.4,94.89M,1.45%
2005-03-04,37.36,37.43,37.59,37.25,86.65M,0.57%
2005-03-03,37.15,37.55,37.57,36.87,90.10M,-0.80%
2005-03-02,37.45,37.27,37.86,37.2,107.99M,-0.05%
2005-03-01,37.47,37.22,37.54,37.18,79.29M,1.08%
2005-02-28,37.07,37.31,37.44,36.77,96.02M,-1.04%
2005-02-25,37.46,37.23,37.54,37.14,80.14M,0.54%
2005-02-24,37.26,36.7,37.29,36.61,99.84M,1.28%
2005-02-23,36.79,36.89,36.92,36.55,95.42M,0.14%
2005-02-22,36.74,36.88,37.39,36.64,122.63M,-1.24%
2005-02-18,37.2,37.33,37.41,37.11,69.39M,-0.32%
2005-02-17,37.32,37.89,37.98,37.28,116.32M,-1.32%
2005-02-16,37.82,37.87,38,37.67,80.62M,-0.37%
2005-02-15,37.96,37.74,38.32,37.66,133.21M,0.66%
2005-02-14,37.71,37.54,37.78,37.53,55.06M,0.45%
2005-02-11,37.54,36.91,37.69,36.77,108.77M,1.46%
2005-02-10,37,37.11,37.17,36.73,110.43M,0.11%
2005-02-09,36.96,37.61,37.64,36.91,93.43M,-1.65%
2005-02-08,37.58,37.5,37.85,37.46,73.23M,0.16%
2005-02-07,37.52,37.64,37.75,37.36,71.63M,-0.19%
2005-02-04,37.59,37,37.66,37,99.37M,1.59%
2005-02-03,37,37.23,37.26,36.85,90.93M,-1.12%
2005-02-02,37.42,37.48,37.57,37.16,101.91M,0.16%
2005-02-01,37.36,37.33,37.49,37.22,76.82M,0.30%
2005-01-31,37.25,37.21,37.37,37.11,89.38M,1.31%
2005-01-28,36.77,37.07,37.12,36.47,111.79M,-0.49%
2005-01-27,36.95,36.92,37.12,36.72,109.79M,-0.14%
2005-01-26,37,36.81,37.14,36.67,107.71M,1.20%
2005-01-25,36.56,36.62,36.94,36.51,120.05M,0.49%
2005-01-24,36.38,36.99,37.05,36.31,137.59M,-1.41%
2005-01-21,36.9,37.33,37.39,36.84,115.50M,-0.81%
2005-01-20,37.2,37.49,37.65,37.17,121.11M,-1.90%
2005-01-19,37.92,38.57,38.59,37.9,105.30M,-1.66%
2005-01-18,38.56,38.12,38.63,38.06,92.04M,0.76%
2005-01-14,38.27,38.04,38.36,38.03,93.53M,0.95%
2005-01-13,37.91,38.44,38.69,37.85,102.12M,-1.33%
2005-01-12,38.42,38.28,38.44,37.85,127.89M,0.84%
2005-01-11,38.1,38.21,38.34,37.91,107.28M,-0.70%
2005-01-10,38.37,38.29,38.71,38.23,88.82M,-0.05%
2005-01-07,38.39,38.4,38.71,38.05,123.16M,0.52%
2005-01-06,38.19,38.46,38.55,38.18,103.98M,-0.50%
2005-01-05,38.38,38.52,38.8,38.31,128.42M,-0.62%
2005-01-04,38.62,39.53,39.58,38.39,136.76M,-1.83%
2005-01-03,39.34,39.9,40.13,39.21,101.05M,-1.03%
